{
  "minMuleVersion": "4.1.0",
  "requiredProduct": "MULE",
  "extensionModelLoaderDescriptor": {
    "id": "crafted",
    "attributes": {
      "type": "com.sandiindia.mule.provider.properties.awssm.internal.CustomConfigurationPropertiesExtensionLoadingDelegate"
    }
  },
  "name": "custom-properties-provider",
  "classLoaderModelLoaderDescriptor": {
    "id": "mule",
    "attributes": {
      "exportedPackages": [
        "com.sandiindia.mule.provider.properties.awssm.internal"
      ],
      "exportedResources": [
        "META-INF/services/org.mule.runtime.config.api.dsl.model.properties.CustomConfigurationPropertiesProviderFactory"
      ]
    }
  },
  "bundleDescriptorLoader": {
    "id": "mule",
    "attributes": {}
  }
}
